{
  "acc": 0.9407407411822566,
  "loss": 0.3522946896376433,
  "val_acc": 1.0,
  "val_loss": 0.03914597689321166
}