{
  "val_loss": 0.02125673337529103,
  "val_acc": 1.0,
  "loss": 0.3974267885974654,
  "acc": 0.9230769230769231
}