{
  "val_loss": 0.0046524668141501024,
  "val_acc": 1.0,
  "acc": 0.993006993006993,
  "loss": 0.06068777488349201
}