{
  "acc": 1.0,
  "loss": 0.0554613634215101,
  "val_loss": 0.017200029817244146,
  "val_acc": 1.0
}