{
  "val_acc": 0.9311926605504587,
  "loss": 1.1317763033839583,
  "val_loss": 0.2516540889670953,
  "acc": 0.954
}